state,population,date
 New South Wales,5234889,1981-06-01
 New South Wales,5249455,1981-09-01
 New South Wales,5266894,1981-12-01
 New South Wales,5286119,1982-03-01
 New South Wales,5303580,1982-06-01
 New South Wales,5315846,1982-09-01
 New South Wales,5328221,1982-12-01
 New South Wales,5344027,1983-03-01
 New South Wales,5352959,1983-06-01
 New South Wales,5363744,1983-09-01
 New South Wales,5374915,1983-12-01
 New South Wales,5389180,1984-03-01
 New South Wales,5402729,1984-06-01
 New South Wales,5416536,1984-09-01
 New South Wales,5431752,1984-12-01
 New South Wales,5451549,1985-03-01
 New South Wales,5464512,1985-06-01
 New South Wales,5478254,1985-09-01
 New South Wales,5496467,1985-12-01
 New South Wales,5516377,1986-03-01
 New South Wales,5531526,1986-06-01
 New South Wales,5549928,1986-09-01
 New South Wales,5574251,1986-12-01
 New South Wales,5596207,1987-03-01
 New South Wales,5616736,1987-06-01
 New South Wales,5639899,1987-09-01
 New South Wales,5666219,1987-12-01
 New South Wales,5689397,1988-03-01
 New South Wales,5707309,1988-06-01
 New South Wales,5730331,1988-09-01
 New South Wales,5752254,1988-12-01
 New South Wales,5769720,1989-03-01
 New South Wales,5776283,1989-06-01
 New South Wales,5785625,1989-09-01
 New South Wales,5803079,1989-12-01
 New South Wales,5818151,1990-03-01
 New South Wales,5834021,1990-06-01
 New South Wales,5849534,1990-09-01
 New South Wales,5862497,1990-12-01
 New South Wales,5883248,1991-03-01
 New South Wales,5898731,1991-06-01
 New South Wales,5916714,1991-09-01
 New South Wales,5928072,1991-12-01
 New South Wales,5946386,1992-03-01
 New South Wales,5957822,1992-06-01
 New South Wales,5970754,1992-09-01
 New South Wales,5977823,1992-12-01
 New South Wales,5990424,1993-03-01
 New South Wales,5995055,1993-06-01
 New South Wales,6009659,1993-09-01
 New South Wales,6020171,1993-12-01
 New South Wales,6037096,1994-03-01
 New South Wales,6044819,1994-06-01
 New South Wales,6063058,1994-09-01
 New South Wales,6071872,1994-12-01
 New South Wales,6087910,1995-03-01
 New South Wales,6105560,1995-06-01
 New South Wales,6124648,1995-09-01
 New South Wales,6143971,1995-12-01
 New South Wales,6159806,1996-03-01
 New South Wales,6176461,1996-06-01
 New South Wales,6196251,1996-09-01
 New South Wales,6214548,1996-12-01
 New South Wales,6234303,1997-03-01
 New South Wales,6246267,1997-06-01
 New South Wales,6260867,1997-09-01
 New South Wales,6274966,1997-12-01
 New South Wales,6295260,1998-03-01
 New South Wales,6305799,1998-06-01
 New South Wales,6324111,1998-09-01
 New South Wales,6338790,1998-12-01
 New South Wales,6360552,1999-03-01
 New South Wales,6375103,1999-06-01
 New South Wales,6393100,1999-09-01
 New South Wales,6409971,1999-12-01
 New South Wales,6431826,2000-03-01
 New South Wales,6446558,2000-06-01
 New South Wales,6465614,2000-09-01
 New South Wales,6485081,2000-12-01
 New South Wales,6513844,2001-03-01
 New South Wales,6530349,2001-06-01
 New South Wales,6544891,2001-09-01
 New South Wales,6558484,2001-12-01
 New South Wales,6575296,2002-03-01
 New South Wales,6580807,2002-06-01
 New South Wales,6590659,2002-09-01
 New South Wales,6599441,2002-12-01
 New South Wales,6615712,2003-03-01
 New South Wales,6620715,2003-06-01
 New South Wales,6627538,2003-09-01
 New South Wales,6634509,2003-12-01
 New South Wales,6648280,2004-03-01
 New South Wales,6650735,2004-06-01
 New South Wales,6660416,2004-09-01
 New South Wales,6669206,2004-12-01
 New South Wales,6685875,2005-03-01
 New South Wales,6693206,2005-06-01
 New South Wales,6707429,2005-09-01
 New South Wales,6718023,2005-12-01
 New South Wales,6735528,2006-03-01
 New South Wales,6742690,2006-06-01
 New South Wales,6766133,2006-09-01
 New South Wales,6786160,2006-12-01
 New South Wales,6815359,2007-03-01
 New South Wales,6834156,2007-06-01
 New South Wales,6859736,2007-09-01
 New South Wales,6883852,2007-12-01
 New South Wales,6919907,2008-03-01
 New South Wales,6943461,2008-06-01
 New South Wales,6972395,2008-09-01
 New South Wales,7001782,2008-12-01
 New South Wales,7032423,2009-03-01
 New South Wales,7053755,2009-06-01
 New South Wales,7079175,2009-09-01
 New South Wales,7101504,2009-12-01
 New South Wales,7128356,2010-03-01
 New South Wales,7144292,2010-06-01
 New South Wales,7162726,2010-09-01
 New South Wales,7179891,2010-12-01
 New South Wales,7204737,2011-03-01
 New South Wales,7218529,2011-06-01
 New South Wales,7239528,2011-09-01
 New South Wales,7258722,2011-12-01
 New South Wales,7284982,2012-03-01
 New South Wales,7304244,2012-06-01
 New South Wales,7327614,2012-09-01
 New South Wales,7353189,2012-12-01
 New South Wales,7382957,2013-03-01
 New South Wales,7404032,2013-06-01
 New South Wales,7430904,2013-09-01
 New South Wales,7454938,2013-12-01
 New South Wales,7487834,2014-03-01
 New South Wales,7508353,2014-06-01
 New South Wales,7536277,2014-09-01
 New South Wales,7562171,2014-12-01
 New South Wales,7595731,2015-03-01
 New South Wales,7616168,2015-06-01
 New South Wales,7645324,2015-09-01
 New South Wales,7671401,2015-12-01
 New South Wales,7707412,2016-03-01
 New South Wales,7732858,2016-06-01
 New South Wales,7770924,2016-09-01
 New South Wales,7801785,2016-12-01
 New South Wales,7842821,2017-03-01
 New South Wales,7867936,2017-06-01
 New South Wales,7904213,2017-09-01
 New South Wales,7922369,2017-12-01
 New South Wales,7957762,2018-03-01
 New South Wales,7988241,2018-06-01
 New South Wales,8023740,2018-09-01
Victoria,3946917,1981-06-01
Victoria,3957333,1981-09-01
Victoria,3968398,1981-12-01
Victoria,3980826,1982-03-01
Victoria,3992870,1982-06-01
Victoria,4002731,1982-09-01
Victoria,4012687,1982-12-01
Victoria,4025254,1983-03-01
Victoria,4035702,1983-06-01
Victoria,4045185,1983-09-01
Victoria,4054498,1983-12-01
Victoria,4066209,1984-03-01
Victoria,4076492,1984-06-01
Victoria,4086549,1984-09-01
Victoria,4097640,1984-12-01
Victoria,4109741,1985-03-01
Victoria,4120068,1985-06-01
Victoria,4129796,1985-09-01
Victoria,4140421,1985-12-01
Victoria,4151053,1986-03-01
Victoria,4160856,1986-06-01
Victoria,4171942,1986-09-01
Victoria,4183842,1986-12-01
Victoria,4197414,1987-03-01
Victoria,4210111,1987-06-01
Victoria,4223707,1987-09-01
Victoria,4234945,1987-12-01
Victoria,4249985,1988-03-01
Victoria,4262569,1988-06-01
Victoria,4280376,1988-09-01
Victoria,4295300,1988-12-01
Victoria,4309978,1989-03-01
Victoria,4320164,1989-06-01
Victoria,4333537,1989-09-01
Victoria,4348225,1989-12-01
Victoria,4364548,1990-03-01
Victoria,4378592,1990-06-01
Victoria,4391183,1990-09-01
Victoria,4400707,1990-12-01
Victoria,4413410,1991-03-01
Victoria,4420373,1991-06-01
Victoria,4429409,1991-09-01
Victoria,4435083,1991-12-01
Victoria,4445141,1992-03-01
Victoria,4450217,1992-06-01
Victoria,4454836,1992-09-01
Victoria,4458219,1992-12-01
Victoria,4463265,1993-03-01
Victoria,4462766,1993-06-01
Victoria,4464794,1993-09-01
Victoria,4466738,1993-12-01
Victoria,4471010,1994-03-01
Victoria,4472989,1994-06-01
Victoria,4479378,1994-09-01
Victoria,4483205,1994-12-01
Victoria,4491289,1995-03-01
Victoria,4497660,1995-06-01
Victoria,4506386,1995-09-01
Victoria,4517353,1995-12-01
Victoria,4527573,1996-03-01
Victoria,4534984,1996-06-01
Victoria,4544480,1996-09-01
Victoria,4552904,1996-12-01
Victoria,4565356,1997-03-01
Victoria,4569297,1997-06-01
Victoria,4578175,1997-09-01
Victoria,4586156,1997-12-01
Victoria,4600872,1998-03-01
Victoria,4606970,1998-06-01
Victoria,4617308,1998-09-01
Victoria,4629345,1998-12-01
Victoria,4645152,1999-03-01
Victoria,4652462,1999-06-01
Victoria,4665626,1999-09-01
Victoria,4677581,1999-12-01
Victoria,4695560,2000-03-01
Victoria,4704065,2000-06-01
Victoria,4718436,2000-09-01
Victoria,4730855,2000-12-01
Victoria,4753725,2001-03-01
Victoria,4763615,2001-06-01
Victoria,4776052,2001-09-01
Victoria,4790212,2001-12-01
Victoria,4808940,2002-03-01
Victoria,4817774,2002-06-01
Victoria,4830383,2002-09-01
Victoria,4845024,2002-12-01
Victoria,4864214,2003-03-01
Victoria,4873809,2003-06-01
Victoria,4887826,2003-09-01
Victoria,4900176,2003-12-01
Victoria,4918070,2004-03-01
Victoria,4927149,2004-06-01
Victoria,4943359,2004-09-01
Victoria,4957147,2004-12-01
Victoria,4978342,2005-03-01
Victoria,4989246,2005-06-01
Victoria,5006241,2005-09-01
Victoria,5023203,2005-12-01
Victoria,5048207,2006-03-01
Victoria,5061266,2006-06-01
Victoria,5083593,2006-09-01
Victoria,5103965,2006-12-01
Victoria,5134074,2007-03-01
Victoria,5153522,2007-06-01
Victoria,5178515,2007-09-01
Victoria,5199503,2007-12-01
Victoria,5233000,2008-03-01
Victoria,5256375,2008-06-01
Victoria,5286549,2008-09-01
Victoria,5313285,2008-12-01
Victoria,5347672,2009-03-01
Victoria,5371934,2009-06-01
Victoria,5398874,2009-09-01
Victoria,5419249,2009-12-01
Victoria,5445172,2010-03-01
Victoria,5461101,2010-06-01
Victoria,5478710,2010-09-01
Victoria,5495711,2010-12-01
Victoria,5520378,2011-03-01
Victoria,5537817,2011-06-01
Victoria,5564662,2011-09-01
Victoria,5591818,2011-12-01
Victoria,5625354,2012-03-01
Victoria,5651091,2012-06-01
Victoria,5680420,2012-09-01
Victoria,5709586,2012-12-01
Victoria,5744915,2013-03-01
Victoria,5772669,2013-06-01
Victoria,5804499,2013-09-01
Victoria,5832585,2013-12-01
Victoria,5869511,2014-03-01
Victoria,5894917,2014-06-01
Victoria,5927199,2014-09-01
Victoria,5957512,2014-12-01
Victoria,5995205,2015-03-01
Victoria,6022322,2015-06-01
Victoria,6057558,2015-09-01
Victoria,6093049,2015-12-01
Victoria,6138627,2016-03-01
Victoria,6173172,2016-06-01
Victoria,6210191,2016-09-01
Victoria,6244863,2016-12-01
Victoria,6292584,2017-03-01
Victoria,6321606,2017-06-01
Victoria,6358025,2017-09-01
Victoria,6386605,2017-12-01
Victoria,6432203,2018-03-01
Victoria,6460675,2018-06-01
Victoria,6497700,2018-09-01
Queensland ,2345208,1981-06-01
Queensland ,2367477,1981-09-01
Queensland ,2387943,1981-12-01
Queensland ,2406355,1982-03-01
Queensland ,2424586,1982-06-01
Queensland ,2442912,1982-09-01
Queensland ,2456475,1982-12-01
Queensland ,2469709,1983-03-01
Queensland ,2482282,1983-06-01
Queensland ,2493373,1983-09-01
Queensland ,2503285,1983-12-01
Queensland ,2513443,1984-03-01
Queensland ,2523859,1984-06-01
Queensland ,2535976,1984-09-01
Queensland ,2547078,1984-12-01
Queensland ,2559452,1985-03-01
Queensland ,2571218,1985-06-01
Queensland ,2583368,1985-09-01
Queensland ,2597100,1985-12-01
Queensland ,2610205,1986-03-01
Queensland ,2624595,1986-06-01
Queensland ,2636477,1986-09-01
Queensland ,2648778,1986-12-01
Queensland ,2662654,1987-03-01
Queensland ,2675107,1987-06-01
Queensland ,2688129,1987-09-01
Queensland ,2703516,1987-12-01
Queensland ,2723992,1988-03-01
Queensland ,2739907,1988-06-01
Queensland ,2760389,1988-09-01
Queensland ,2780869,1988-12-01
Queensland ,2806845,1989-03-01
Queensland ,2827637,1989-06-01
Queensland ,2847045,1989-09-01
Queensland ,2864007,1989-12-01
Queensland ,2884170,1990-03-01
Queensland ,2899283,1990-06-01
Queensland ,2913538,1990-09-01
Queensland ,2928713,1990-12-01
Queensland ,2947512,1991-03-01
Queensland ,2960951,1991-06-01
Queensland ,2975984,1991-09-01
Queensland ,2990441,1991-12-01
Queensland ,3010322,1992-03-01
Queensland ,3023198,1992-06-01
Queensland ,3041149,1992-09-01
Queensland ,3057138,1992-12-01
Queensland ,3081331,1993-03-01
Queensland ,3096185,1993-06-01
Queensland ,3115843,1993-09-01
Queensland ,3130986,1993-12-01
Queensland ,3151365,1994-03-01
Queensland ,3166566,1994-06-01
Queensland ,3184148,1994-09-01
Queensland ,3198877,1994-12-01
Queensland ,3218314,1995-03-01
Queensland ,3237380,1995-06-01
Queensland ,3255117,1995-09-01
Queensland ,3271743,1995-12-01
Queensland ,3289507,1996-03-01
Queensland ,3303192,1996-06-01
Queensland ,3318599,1996-09-01
Queensland ,3330579,1996-12-01
Queensland ,3343777,1997-03-01
Queensland ,3355417,1997-06-01
Queensland ,3369184,1997-09-01
Queensland ,3380394,1997-12-01
Queensland ,3393483,1998-03-01
Queensland ,3404484,1998-06-01
Queensland ,3416076,1998-09-01
Queensland ,3427505,1998-12-01
Queensland ,3442196,1999-03-01
Queensland ,3453936,1999-06-01
Queensland ,3466399,1999-09-01
Queensland ,3481034,1999-12-01
Queensland ,3497147,2000-03-01
Queensland ,3509458,2000-06-01
Queensland ,3523446,2000-09-01
Queensland ,3537670,2000-12-01
Queensland ,3556466,2001-03-01
Queensland ,3571469,2001-06-01
Queensland ,3590969,2001-09-01
Queensland ,3611203,2001-12-01
Queensland ,3631451,2002-03-01
Queensland ,3653123,2002-06-01
Queensland ,3676870,2002-09-01
Queensland ,3700791,2002-12-01
Queensland ,3723239,2003-03-01
Queensland ,3743121,2003-06-01
Queensland ,3765109,2003-09-01
Queensland ,3788560,2003-12-01
Queensland ,3810921,2004-03-01
Queensland ,3829970,2004-06-01
Queensland ,3849852,2004-09-01
Queensland ,3872351,2004-12-01
Queensland ,3896951,2005-03-01
Queensland ,3918494,2005-06-01
Queensland ,3940494,2005-09-01
Queensland ,3964175,2005-12-01
Queensland ,3987653,2006-03-01
Queensland ,4007992,2006-06-01
Queensland ,4031580,2006-09-01
Queensland ,4055845,2006-12-01
Queensland ,4084531,2007-03-01
Queensland ,4111018,2007-06-01
Queensland ,4134958,2007-09-01
Queensland ,4159990,2007-12-01
Queensland ,4191479,2008-03-01
Queensland ,4219505,2008-06-01
Queensland ,4247991,2008-09-01
Queensland ,4275551,2008-12-01
Queensland ,4305605,2009-03-01
Queensland ,4328771,2009-06-01
Queensland ,4350135,2009-09-01
Queensland ,4367454,2009-12-01
Queensland ,4387801,2010-03-01
Queensland ,4404744,2010-06-01
Queensland ,4421470,2010-09-01
Queensland ,4436882,2010-12-01
Queensland ,4457971,2011-03-01
Queensland ,4476778,2011-06-01
Queensland ,4498104,2011-09-01
Queensland ,4518649,2011-12-01
Queensland ,4545613,2012-03-01
Queensland ,4568687,2012-06-01
Queensland ,4592100,2012-09-01
Queensland ,4611304,2012-12-01
Queensland ,4634430,2013-03-01
Queensland ,4652824,2013-06-01
Queensland ,4670784,2013-09-01
Queensland ,4685439,2013-12-01
Queensland ,4705187,2014-03-01
Queensland ,4719653,2014-06-01
Queensland ,4734613,2014-09-01
Queensland ,4747263,2014-12-01
Queensland ,4764439,2015-03-01
Queensland ,4777692,2015-06-01
Queensland ,4791520,2015-09-01
Queensland ,4804933,2015-12-01
Queensland ,4826538,2016-03-01
Queensland ,4845152,2016-06-01
Queensland ,4865654,2016-09-01
Queensland ,4883821,2016-12-01
Queensland ,4907348,2017-03-01
Queensland ,4927629,2017-06-01
Queensland ,4947140,2017-09-01
Queensland ,4962593,2017-12-01
Queensland ,4988938,2018-03-01
Queensland ,5011216,2018-06-01
Queensland ,5033141,2018-09-01
South Australia,1318769,1981-06-01
South Australia,1321235,1981-09-01
South Australia,1325176,1981-12-01
South Australia,1328670,1982-03-01
South Australia,1331108,1982-06-01
South Australia,1334090,1982-09-01
South Australia,1337783,1982-12-01
South Australia,1342193,1983-03-01
South Australia,1345775,1983-06-01
South Australia,1349553,1983-09-01
South Australia,1353208,1983-12-01
South Australia,1356511,1984-03-01
South Australia,1360048,1984-06-01
South Australia,1362611,1984-09-01
South Australia,1365333,1984-12-01
South Australia,1368721,1985-03-01
South Australia,1371197,1985-06-01
South Australia,1373324,1985-09-01
South Australia,1376838,1985-12-01
South Australia,1380317,1986-03-01
South Australia,1382550,1986-06-01
South Australia,1384840,1986-09-01
South Australia,1387499,1986-12-01
South Australia,1390436,1987-03-01
South Australia,1392764,1987-06-01
South Australia,1395947,1987-09-01
South Australia,1398959,1987-12-01
South Australia,1402329,1988-03-01
South Australia,1404909,1988-06-01
South Australia,1408705,1988-09-01
South Australia,1412323,1988-12-01
South Australia,1416938,1989-03-01
South Australia,1419029,1989-06-01
South Australia,1421671,1989-09-01
South Australia,1425461,1989-12-01
South Australia,1429541,1990-03-01
South Australia,1432056,1990-06-01
South Australia,1435497,1990-09-01
South Australia,1438882,1990-12-01
South Australia,1443371,1991-03-01
South Australia,1446299,1991-06-01
South Australia,1449037,1991-09-01
South Australia,1450862,1991-12-01
South Australia,1454160,1992-03-01
South Australia,1455442,1992-06-01
South Australia,1456178,1992-09-01
South Australia,1457241,1992-12-01
South Australia,1457895,1993-03-01
South Australia,1458632,1993-06-01
South Australia,1460306,1993-09-01
South Australia,1461102,1993-12-01
South Australia,1462557,1994-03-01
South Australia,1463089,1994-06-01
South Australia,1463714,1994-09-01
South Australia,1463977,1994-12-01
South Australia,1464763,1995-03-01
South Australia,1465340,1995-06-01
South Australia,1465759,1995-09-01
South Australia,1466605,1995-12-01
South Australia,1467943,1996-03-01
South Australia,1469079,1996-06-01
South Australia,1470334,1996-09-01
South Australia,1471997,1996-12-01
South Australia,1474442,1997-03-01
South Australia,1475658,1997-06-01
South Australia,1477371,1997-09-01
South Australia,1479003,1997-12-01
South Australia,1482137,1998-03-01
South Australia,1483270,1998-06-01
South Australia,1484580,1998-09-01
South Australia,1487042,1998-12-01
South Australia,1489729,1999-03-01
South Australia,1490934,1999-06-01
South Australia,1493030,1999-09-01
South Australia,1495218,1999-12-01
South Australia,1496828,2000-03-01
South Australia,1497503,2000-06-01
South Australia,1498934,2000-09-01
South Australia,1500129,2000-12-01
South Australia,1502299,2001-03-01
South Australia,1503461,2001-06-01
South Australia,1504992,2001-09-01
South Australia,1507825,2001-12-01
South Australia,1510013,2002-03-01
South Australia,1511567,2002-06-01
South Australia,1513662,2002-09-01
South Australia,1515723,2002-12-01
South Australia,1518570,2003-03-01
South Australia,1520399,2003-06-01
South Australia,1522193,2003-09-01
South Australia,1524727,2003-12-01
South Australia,1526994,2004-03-01
South Australia,1528189,2004-06-01
South Australia,1530521,2004-09-01
South Australia,1532562,2004-12-01
South Australia,1536798,2005-03-01
South Australia,1538804,2005-06-01
South Australia,1542004,2005-09-01
South Australia,1544852,2005-12-01
South Australia,1550135,2006-03-01
South Australia,1552529,2006-06-01
South Australia,1557332,2006-09-01
South Australia,1561300,2006-12-01
South Australia,1567206,2007-03-01
South Australia,1570619,2007-06-01
South Australia,1574537,2007-09-01
South Australia,1578489,2007-12-01
South Australia,1584408,2008-03-01
South Australia,1588665,2008-06-01
South Australia,1593725,2008-09-01
South Australia,1597880,2008-12-01
South Australia,1604142,2009-03-01
South Australia,1608902,2009-06-01
South Australia,1614593,2009-09-01
South Australia,1618578,2009-12-01
South Australia,1624033,2010-03-01
South Australia,1627322,2010-06-01
South Australia,1630230,2010-09-01
South Australia,1632482,2010-12-01
South Australia,1636759,2011-03-01
South Australia,1639614,2011-06-01
South Australia,1643402,2011-09-01
South Australia,1647183,2011-12-01
South Australia,1652716,2012-03-01
South Australia,1656725,2012-06-01
South Australia,1660198,2012-09-01
South Australia,1663082,2012-12-01
South Australia,1668056,2013-03-01
South Australia,1671488,2013-06-01
South Australia,1675313,2013-09-01
South Australia,1678052,2013-12-01
South Australia,1683544,2014-03-01
South Australia,1686945,2014-06-01
South Australia,1690133,2014-09-01
South Australia,1693107,2014-12-01
South Australia,1698433,2015-03-01
South Australia,1700668,2015-06-01
South Australia,1703703,2015-09-01
South Australia,1705937,2015-12-01
South Australia,1710334,2016-03-01
South Australia,1712843,2016-06-01
South Australia,1716275,2016-09-01
South Australia,1717400,2016-12-01
South Australia,1721862,2017-03-01
South Australia,1723923,2017-06-01
South Australia,1727091,2017-09-01
South Australia,1728324,2017-12-01
South Australia,1733721,2018-03-01
South Australia,1736422,2018-06-01
South Australia,1740747,2018-09-01
Western Australia,1300056,1981-06-01
Western Australia,1311284,1981-09-01
Western Australia,1320221,1981-12-01
Western Australia,1329700,1982-03-01
Western Australia,1338899,1982-06-01
Western Australia,1348096,1982-09-01
Western Australia,1354971,1982-12-01
Western Australia,1361874,1983-03-01
Western Australia,1369050,1983-06-01
Western Australia,1375244,1983-09-01
Western Australia,1381011,1983-12-01
Western Australia,1385878,1984-03-01
Western Australia,1391237,1984-06-01
Western Australia,1397817,1984-09-01
Western Australia,1403032,1984-12-01
Western Australia,1410377,1985-03-01
Western Australia,1418564,1985-06-01
Western Australia,1427370,1985-09-01
Western Australia,1436900,1985-12-01
Western Australia,1447254,1986-03-01
Western Australia,1459019,1986-06-01
Western Australia,1468413,1986-09-01
Western Australia,1477398,1986-12-01
Western Australia,1486905,1987-03-01
Western Australia,1496248,1987-06-01
Western Australia,1505294,1987-09-01
Western Australia,1513355,1987-12-01
Western Australia,1525576,1988-03-01
Western Australia,1535167,1988-06-01
Western Australia,1548042,1988-09-01
Western Australia,1558914,1988-12-01
Western Australia,1569712,1989-03-01
Western Australia,1578434,1989-06-01
Western Australia,1588186,1989-09-01
Western Australia,1596225,1989-12-01
Western Australia,1605959,1990-03-01
Western Australia,1613049,1990-06-01
Western Australia,1619848,1990-09-01
Western Australia,1624390,1990-12-01
Western Australia,1631357,1991-03-01
Western Australia,1636067,1991-06-01
Western Australia,1642746,1991-09-01
Western Australia,1647408,1991-12-01
Western Australia,1654244,1992-03-01
Western Australia,1658544,1992-06-01
Western Australia,1664755,1992-09-01
Western Australia,1668515,1992-12-01
Western Australia,1674250,1993-03-01
Western Australia,1678722,1993-06-01
Western Australia,1684972,1993-09-01
Western Australia,1690348,1993-12-01
Western Australia,1698534,1994-03-01
Western Australia,1704649,1994-06-01
Western Australia,1713520,1994-09-01
Western Australia,1718549,1994-12-01
Western Australia,1727907,1995-03-01
Western Australia,1736066,1995-06-01
Western Australia,1744788,1995-09-01
Western Australia,1751933,1995-12-01
Western Australia,1760445,1996-03-01
Western Australia,1768206,1996-06-01
Western Australia,1776454,1996-09-01
Western Australia,1783556,1996-12-01
Western Australia,1793345,1997-03-01
Western Australia,1798341,1997-06-01
Western Australia,1804800,1997-09-01
Western Australia,1810928,1997-12-01
Western Australia,1820812,1998-03-01
Western Australia,1826440,1998-06-01
Western Australia,1834703,1998-09-01
Western Australia,1840078,1998-12-01
Western Australia,1848303,1999-03-01
Western Australia,1853936,1999-06-01
Western Australia,1862033,1999-09-01
Western Australia,1866265,1999-12-01
Western Australia,1874371,2000-03-01
Western Australia,1879093,2000-06-01
Western Australia,1886084,2000-09-01
Western Australia,1892531,2000-12-01
Western Australia,1901295,2001-03-01
Western Australia,1906274,2001-06-01
Western Australia,1912214,2001-09-01
Western Australia,1917752,2001-12-01
Western Australia,1924935,2002-03-01
Western Australia,1928512,2002-06-01
Western Australia,1932977,2002-09-01
Western Australia,1938610,2002-12-01
Western Australia,1946831,2003-03-01
Western Australia,1952741,2003-06-01
Western Australia,1959430,2003-09-01
Western Australia,1966130,2003-12-01
Western Australia,1974145,2004-03-01
Western Australia,1979542,2004-06-01
Western Australia,1986513,2004-09-01
Western Australia,1994241,2004-12-01
Western Australia,2004644,2005-03-01
Western Australia,2011207,2005-06-01
Western Australia,2020359,2005-09-01
Western Australia,2029936,2005-12-01
Western Australia,2042450,2006-03-01
Western Australia,2050581,2006-06-01
Western Australia,2064032,2006-09-01
Western Australia,2076867,2006-12-01
Western Australia,2093633,2007-03-01
Western Australia,2106139,2007-06-01
Western Australia,2120776,2007-09-01
Western Australia,2135006,2007-12-01
Western Australia,2155552,2008-03-01
Western Australia,2171700,2008-06-01
Western Australia,2191582,2008-09-01
Western Australia,2208928,2008-12-01
Western Australia,2228317,2009-03-01
Western Australia,2240250,2009-06-01
Western Australia,2253355,2009-09-01
Western Australia,2263747,2009-12-01
Western Australia,2278589,2010-03-01
Western Australia,2290845,2010-06-01
Western Australia,2305415,2010-09-01
Western Australia,2319063,2010-12-01
Western Australia,2337611,2011-03-01
Western Australia,2353409,2011-06-01
Western Australia,2369612,2011-09-01
Western Australia,2385947,2011-12-01
Western Australia,2408108,2012-03-01
Western Australia,2425507,2012-06-01
Western Australia,2442876,2012-09-01
Western Australia,2457489,2012-12-01
Western Australia,2475242,2013-03-01
Western Australia,2486944,2013-06-01
Western Australia,2496285,2013-09-01
Western Australia,2502188,2013-12-01
Western Australia,2512556,2014-03-01
Western Australia,2517608,2014-06-01
Western Australia,2524042,2014-09-01
Western Australia,2528619,2014-12-01
Western Australia,2536604,2015-03-01
Western Australia,2540672,2015-06-01
Western Australia,2545509,2015-09-01
Western Australia,2547745,2015-12-01
Western Australia,2554506,2016-03-01
Western Australia,2555978,2016-06-01
Western Australia,2561626,2016-09-01
Western Australia,2563708,2016-12-01
Western Australia,2570711,2017-03-01
Western Australia,2574193,2017-06-01
Western Australia,2579802,2017-09-01
Western Australia,2582857,2017-12-01
Western Australia,2590634,2018-03-01
Western Australia,2595192,2018-06-01
Western Australia,2602419,2018-09-01
Tasmania,427224,1981-06-01
Tasmania,427925,1981-09-01
Tasmania,428283,1981-12-01
Tasmania,429445,1982-03-01
Tasmania,429845,1982-06-01
Tasmania,430308,1982-09-01
Tasmania,430974,1982-12-01
Tasmania,431665,1983-03-01
Tasmania,432805,1983-06-01
Tasmania,433909,1983-09-01
Tasmania,435100,1983-12-01
Tasmania,436178,1984-03-01
Tasmania,437760,1984-06-01
Tasmania,438866,1984-09-01
Tasmania,440070,1984-12-01
Tasmania,441324,1985-03-01
Tasmania,442828,1985-06-01
Tasmania,443548,1985-09-01
Tasmania,444576,1985-12-01
Tasmania,445723,1986-03-01
Tasmania,446473,1986-06-01
Tasmania,447325,1986-09-01
Tasmania,448235,1986-12-01
Tasmania,448597,1987-03-01
Tasmania,449226,1987-06-01
Tasmania,449373,1987-09-01
Tasmania,449820,1987-12-01
Tasmania,450572,1988-03-01
Tasmania,451148,1988-06-01
Tasmania,451905,1988-09-01
Tasmania,452781,1988-12-01
Tasmania,453932,1989-03-01
Tasmania,455258,1989-06-01
Tasmania,456830,1989-09-01
Tasmania,458410,1989-12-01
Tasmania,460070,1990-03-01
Tasmania,462188,1990-06-01
Tasmania,463469,1990-09-01
Tasmania,464520,1990-12-01
Tasmania,465870,1991-03-01
Tasmania,466802,1991-06-01
Tasmania,467736,1991-09-01
Tasmania,468549,1991-12-01
Tasmania,469433,1992-03-01
Tasmania,469979,1992-06-01
Tasmania,470443,1992-09-01
Tasmania,471258,1992-12-01
Tasmania,471864,1993-03-01
Tasmania,471987,1993-06-01
Tasmania,472574,1993-09-01
Tasmania,472983,1993-12-01
Tasmania,473143,1994-03-01
Tasmania,473499,1994-06-01
Tasmania,473972,1994-09-01
Tasmania,474076,1994-12-01
Tasmania,474411,1995-03-01
Tasmania,474515,1995-06-01
Tasmania,474941,1995-09-01
Tasmania,475148,1995-12-01
Tasmania,475282,1996-03-01
Tasmania,475605,1996-06-01
Tasmania,475731,1996-09-01
Tasmania,475529,1996-12-01
Tasmania,475444,1997-03-01
Tasmania,474908,1997-06-01
Tasmania,474528,1997-09-01
Tasmania,474215,1997-12-01
Tasmania,473982,1998-03-01
Tasmania,473430,1998-06-01
Tasmania,473430,1998-09-01
Tasmania,473450,1998-12-01
Tasmania,473189,1999-03-01
Tasmania,473030,1999-06-01
Tasmania,473181,1999-09-01
Tasmania,473294,1999-12-01
Tasmania,473303,2000-03-01
Tasmania,473123,2000-06-01
Tasmania,473035,2000-09-01
Tasmania,473200,2000-12-01
Tasmania,473662,2001-03-01
Tasmania,473668,2001-06-01
Tasmania,473530,2001-09-01
Tasmania,473890,2001-12-01
Tasmania,474218,2002-03-01
Tasmania,474152,2002-06-01
Tasmania,474626,2002-09-01
Tasmania,475998,2002-12-01
Tasmania,477576,2003-03-01
Tasmania,478534,2003-06-01
Tasmania,479829,2003-09-01
Tasmania,481411,2003-12-01
Tasmania,482778,2004-03-01
Tasmania,483178,2004-06-01
Tasmania,483995,2004-09-01
Tasmania,484778,2004-12-01
Tasmania,485755,2005-03-01
Tasmania,486202,2005-06-01
Tasmania,486893,2005-09-01
Tasmania,488098,2005-12-01
Tasmania,489140,2006-03-01
Tasmania,489302,2006-06-01
Tasmania,490354,2006-09-01
Tasmania,491515,2006-12-01
Tasmania,492625,2007-03-01
Tasmania,493262,2007-06-01
Tasmania,494547,2007-09-01
Tasmania,495858,2007-12-01
Tasmania,497552,2008-03-01
Tasmania,498568,2008-06-01
Tasmania,500062,2008-09-01
Tasmania,501774,2008-12-01
Tasmania,503431,2009-03-01
Tasmania,504353,2009-06-01
Tasmania,505468,2009-09-01
Tasmania,506461,2009-12-01
Tasmania,508182,2010-03-01
Tasmania,508847,2010-06-01
Tasmania,509481,2010-09-01
Tasmania,510219,2010-12-01
Tasmania,511248,2011-03-01
Tasmania,511483,2011-06-01
Tasmania,511880,2011-09-01
Tasmania,511739,2011-12-01
Tasmania,511993,2012-03-01
Tasmania,511724,2012-06-01
Tasmania,511582,2012-09-01
Tasmania,511813,2012-12-01
Tasmania,512240,2013-03-01
Tasmania,512231,2013-06-01
Tasmania,512510,2013-09-01
Tasmania,513015,2013-12-01
Tasmania,513681,2014-03-01
Tasmania,513621,2014-06-01
Tasmania,513898,2014-09-01
Tasmania,514040,2014-12-01
Tasmania,514812,2015-03-01
Tasmania,515117,2015-06-01
Tasmania,515697,2015-09-01
Tasmania,515694,2015-12-01
Tasmania,516861,2016-03-01
Tasmania,517514,2016-06-01
Tasmania,518560,2016-09-01
Tasmania,519810,2016-12-01
Tasmania,521354,2017-03-01
Tasmania,522410,2017-06-01
Tasmania,523871,2017-09-01
Tasmania,525061,2017-12-01
Tasmania,526898,2018-03-01
Tasmania,528201,2018-06-01
Tasmania,529903,2018-09-01
Northern Territory,122616,1981-06-01
Northern Territory,125186,1981-09-01
Northern Territory,127718,1981-12-01
Northern Territory,129593,1982-03-01
Northern Territory,130314,1982-06-01
Northern Territory,131517,1982-09-01
Northern Territory,132784,1982-12-01
Northern Territory,134529,1983-03-01
Northern Territory,135916,1983-06-01
Northern Territory,137942,1983-09-01
Northern Territory,139519,1983-12-01
Northern Territory,140666,1984-03-01
Northern Territory,142154,1984-06-01
Northern Territory,143934,1984-09-01
Northern Territory,145293,1984-12-01
Northern Territory,146662,1985-03-01
Northern Territory,148536,1985-06-01
Northern Territory,150596,1985-09-01
Northern Territory,152356,1985-12-01
Northern Territory,153284,1986-03-01
Northern Territory,154421,1986-06-01
Northern Territory,155571,1986-09-01
Northern Territory,156578,1986-12-01
Northern Territory,157775,1987-03-01
Northern Territory,158205,1987-06-01
Northern Territory,159142,1987-09-01
Northern Territory,159040,1987-12-01
Northern Territory,158959,1988-03-01
Northern Territory,159026,1988-06-01
Northern Territory,159804,1988-09-01
Northern Territory,160536,1988-12-01
Northern Territory,161050,1989-03-01
Northern Territory,161179,1989-06-01
Northern Territory,161674,1989-09-01
Northern Territory,162097,1989-12-01
Northern Territory,162538,1990-03-01
Northern Territory,163728,1990-06-01
Northern Territory,164392,1990-09-01
Northern Territory,165047,1990-12-01
Northern Territory,165356,1991-03-01
Northern Territory,165493,1991-06-01
Northern Territory,166716,1991-09-01
Northern Territory,167043,1991-12-01
Northern Territory,168117,1992-03-01
Northern Territory,168546,1992-06-01
Northern Territory,169101,1992-09-01
Northern Territory,170420,1992-12-01
Northern Territory,171319,1993-03-01
Northern Territory,171708,1993-06-01
Northern Territory,172884,1993-09-01
Northern Territory,173590,1993-12-01
Northern Territory,174237,1994-03-01
Northern Territory,174908,1994-06-01
Northern Territory,175543,1994-09-01
Northern Territory,176761,1994-12-01
Northern Territory,178692,1995-03-01
Northern Territory,179602,1995-06-01
Northern Territory,180698,1995-09-01
Northern Territory,182829,1995-12-01
Northern Territory,183859,1996-03-01
Northern Territory,184516,1996-06-01
Northern Territory,186229,1996-09-01
Northern Territory,187342,1996-12-01
Northern Territory,188223,1997-03-01
Northern Territory,189755,1997-06-01
Northern Territory,190694,1997-09-01
Northern Territory,191259,1997-12-01
Northern Territory,192061,1998-03-01
Northern Territory,192905,1998-06-01
Northern Territory,193703,1998-09-01
Northern Territory,194390,1998-12-01
Northern Territory,195251,1999-03-01
Northern Territory,196012,1999-06-01
Northern Territory,196807,1999-09-01
Northern Territory,197757,1999-12-01
Northern Territory,198304,2000-03-01
Northern Territory,199149,2000-06-01
Northern Territory,199816,2000-09-01
Northern Territory,200045,2000-12-01
Northern Territory,200789,2001-03-01
Northern Territory,201743,2001-06-01
Northern Territory,201995,2001-09-01
Northern Territory,201751,2001-12-01
Northern Territory,201880,2002-03-01
Northern Territory,202251,2002-06-01
Northern Territory,202069,2002-09-01
Northern Territory,201549,2002-12-01
Northern Territory,201068,2003-03-01
Northern Territory,201725,2003-06-01
Northern Territory,201781,2003-09-01
Northern Territory,201708,2003-12-01
Northern Territory,202009,2004-03-01
Northern Territory,202663,2004-06-01
Northern Territory,203527,2004-09-01
Northern Territory,203857,2004-12-01
Northern Territory,204897,2005-03-01
Northern Territory,205905,2005-06-01
Northern Territory,206759,2005-09-01
Northern Territory,207385,2005-12-01
Northern Territory,208347,2006-03-01
Northern Territory,209057,2006-06-01
Northern Territory,210284,2006-09-01
Northern Territory,211029,2006-12-01
Northern Territory,212372,2007-03-01
Northern Territory,213748,2007-06-01
Northern Territory,215180,2007-09-01
Northern Territory,216618,2007-12-01
Northern Territory,217912,2008-03-01
Northern Territory,219874,2008-06-01
Northern Territory,221464,2008-09-01
Northern Territory,222526,2008-12-01
Northern Territory,223922,2009-03-01
Northern Territory,226027,2009-06-01
Northern Territory,227255,2009-09-01
Northern Territory,227783,2009-12-01
Northern Territory,228600,2010-03-01
Northern Territory,229778,2010-06-01
Northern Territory,230460,2010-09-01
Northern Territory,230299,2010-12-01
Northern Territory,230224,2011-03-01
Northern Territory,231292,2011-06-01
Northern Territory,232581,2011-09-01
Northern Territory,232952,2011-12-01
Northern Territory,234275,2012-03-01
Northern Territory,235915,2012-06-01
Northern Territory,237517,2012-09-01
Northern Territory,238728,2012-12-01
Northern Territory,240107,2013-03-01
Northern Territory,241722,2013-06-01
Northern Territory,242301,2013-09-01
Northern Territory,242304,2013-12-01
Northern Territory,242790,2014-03-01
Northern Territory,242894,2014-06-01
Northern Territory,243201,2014-09-01
Northern Territory,242753,2014-12-01
Northern Territory,243059,2015-03-01
Northern Territory,244692,2015-06-01
Northern Territory,244570,2015-09-01
Northern Territory,244090,2015-12-01
Northern Territory,244627,2016-03-01
Northern Territory,245678,2016-06-01
Northern Territory,246521,2016-09-01
Northern Territory,246183,2016-12-01
Northern Territory,246382,2017-03-01
Northern Territory,247517,2017-06-01
Northern Territory,247604,2017-09-01
Northern Territory,246802,2017-12-01
Northern Territory,246635,2018-03-01
Northern Territory,247327,2018-06-01
Northern Territory,247159,2018-09-01
Capital Territory,227581,1981-06-01
Capital Territory,228782,1981-09-01
Capital Territory,229484,1981-12-01
Capital Territory,230990,1982-03-01
Capital Territory,233045,1982-06-01
Capital Territory,233778,1982-09-01
Capital Territory,234996,1982-12-01
Capital Territory,236991,1983-03-01
Capital Territory,238983,1983-06-01
Capital Territory,240055,1983-09-01
Capital Territory,241960,1983-12-01
Capital Territory,243476,1984-03-01
Capital Territory,245112,1984-06-01
Capital Territory,246259,1984-09-01
Capital Territory,247084,1984-12-01
Capital Territory,248839,1985-03-01
Capital Territory,251389,1985-06-01
Capital Territory,253446,1985-09-01
Capital Territory,255908,1985-12-01
Capital Territory,257285,1986-03-01
Capital Territory,258910,1986-06-01
Capital Territory,260545,1986-09-01
Capital Territory,262188,1986-12-01
Capital Territory,264053,1987-03-01
Capital Territory,265477,1987-06-01
Capital Territory,267375,1987-09-01
Capital Territory,268787,1987-12-01
Capital Territory,270957,1988-03-01
Capital Territory,272129,1988-06-01
Capital Territory,273087,1988-09-01
Capital Territory,274105,1988-12-01
Capital Territory,275867,1989-03-01
Capital Territory,276432,1989-06-01
Capital Territory,277470,1989-09-01
Capital Territory,279219,1989-12-01
Capital Territory,280659,1990-03-01
Capital Territory,282211,1990-06-01
Capital Territory,283671,1990-09-01
Capital Territory,285012,1990-12-01
Capital Territory,287300,1991-03-01
Capital Territory,289320,1991-06-01
Capital Territory,290517,1991-09-01
Capital Territory,291523,1991-12-01
Capital Territory,293484,1992-03-01
Capital Territory,294887,1992-06-01
Capital Territory,296087,1992-09-01
Capital Territory,296519,1992-12-01
Capital Territory,299204,1993-03-01
Capital Territory,299753,1993-06-01
Capital Territory,300030,1993-09-01
Capital Territory,300490,1993-12-01
Capital Territory,301413,1994-03-01
Capital Territory,302194,1994-06-01
Capital Territory,303134,1994-09-01
Capital Territory,303289,1994-12-01
Capital Territory,305388,1995-03-01
Capital Territory,305838,1995-06-01
Capital Territory,306880,1995-09-01
Capital Territory,307022,1995-12-01
Capital Territory,308512,1996-03-01
Capital Territory,309629,1996-06-01
Capital Territory,310227,1996-09-01
Capital Territory,310655,1996-12-01
Capital Territory,310910,1997-03-01
Capital Territory,310533,1997-06-01
Capital Territory,310258,1997-09-01
Capital Territory,310281,1997-12-01
Capital Territory,311026,1998-03-01
Capital Territory,311532,1998-06-01
Capital Territory,311732,1998-09-01
Capital Territory,312300,1998-12-01
Capital Territory,313466,1999-03-01
Capital Territory,314171,1999-06-01
Capital Territory,314833,1999-09-01
Capital Territory,315431,1999-12-01
Capital Territory,316731,2000-03-01
Capital Territory,317235,2000-06-01
Capital Territory,318079,2000-09-01
Capital Territory,318941,2000-12-01
Capital Territory,320526,2001-03-01
Capital Territory,321538,2001-06-01
Capital Territory,321942,2001-09-01
Capital Territory,322874,2001-12-01
Capital Territory,324187,2002-03-01
Capital Territory,324627,2002-06-01
Capital Territory,325255,2002-09-01
Capital Territory,325950,2002-12-01
Capital Territory,327083,2003-03-01
Capital Territory,327357,2003-06-01
Capital Territory,327387,2003-09-01
Capital Territory,327596,2003-12-01
Capital Territory,328560,2004-03-01
Capital Territory,328940,2004-06-01
Capital Territory,329131,2004-09-01
Capital Territory,329498,2004-12-01
Capital Territory,330916,2005-03-01
Capital Territory,331399,2005-06-01
Capital Territory,332177,2005-09-01
Capital Territory,333505,2005-12-01
Capital Territory,334299,2006-03-01
Capital Territory,335170,2006-06-01
Capital Territory,336547,2006-09-01
Capital Territory,338381,2006-12-01
Capital Territory,340544,2007-03-01
Capital Territory,342644,2007-06-01
Capital Territory,343341,2007-09-01
Capital Territory,344176,2007-12-01
Capital Territory,346477,2008-03-01
Capital Territory,348368,2008-06-01
Capital Territory,349543,2008-09-01
Capital Territory,351101,2008-12-01
Capital Territory,353351,2009-03-01
Capital Territory,354785,2009-06-01
Capital Territory,356310,2009-09-01
Capital Territory,357859,2009-12-01
Capital Territory,360361,2010-03-01
Capital Territory,361766,2010-06-01
Capital Territory,362838,2010-09-01
Capital Territory,364833,2010-12-01
Capital Territory,366737,2011-03-01
Capital Territory,367985,2011-06-01
Capital Territory,369888,2011-09-01
Capital Territory,372070,2011-12-01
Capital Territory,374853,2012-03-01
Capital Territory,376539,2012-06-01
Capital Territory,378586,2012-09-01
Capital Territory,379812,2012-12-01
Capital Territory,382082,2013-03-01
Capital Territory,383257,2013-06-01
Capital Territory,384690,2013-09-01
Capital Territory,386318,2013-12-01
Capital Territory,388190,2014-03-01
Capital Territory,388799,2014-06-01
Capital Territory,390654,2014-09-01
Capital Territory,391981,2014-12-01
Capital Territory,394491,2015-03-01
Capital Territory,395813,2015-06-01
Capital Territory,397540,2015-09-01
Capital Territory,398874,2015-12-01
Capital Territory,401673,2016-03-01
Capital Territory,403104,2016-06-01
Capital Territory,405482,2016-09-01
Capital Territory,407489,2016-12-01
Capital Territory,410665,2017-03-01
Capital Territory,412025,2017-06-01
Capital Territory,414459,2017-09-01
Capital Territory,416341,2017-12-01
Capital Territory,419289,2018-03-01
Capital Territory,420960,2018-06-01
Capital Territory,422478,2018-09-01
